Workbook

Sheet Данные
A1: Месяц | B1: Менеджер | C1: Канал | D1: Сделок | E1: Выручка
A2: январь | B2: Иванов | C2: Сайт | D2: 6 | E2: 15000
A3: январь | B3: Иванов | C3: Телеграм | D3: 8 | E3: 12000
A4: январь | B4: Иванов | C4: Авито | D4: 4 | E4: 6000
A5: январь | B5: Иванов | C5: Рекомендация | D5: 6 | E5: 18000
A6: январь | B6: Петрова | C6: Сайт | D6: 3 | E6: 12000
A7: январь | B7: Петрова | C7: Телеграм | D7: 8 | E7: 16000
A8: январь | B8: Петрова | C8: Авито | D8: 4 | E8: 12000
A9: январь | B9: Петрова | C9: Рекомендация | D9: 4 | E9: 6000
A10: январь | B10: Сидоров | C10: Сайт | D10: 7 | E10: 17500
A11: январь | B11: Сидоров | C11: Телеграм | D11: 6 | E11: 18000
A12: январь | B12: Сидоров | C12: Авито | D12: 4 | E12: 8000
A13: январь | B13: Сидоров | C13: Рекомендация | D13: 7 | E13: 17500
... A97: июнь | B97: Кузнецова | C97: Рекомендация | D97: 5 | E97: 15000

Sheet Сводка
A1: Выручка по менеджерам и месяцам
A2: Формулы живые: подставьте свежую выгрузку на лист «Данные» — здесь пересчитается само.
A4: Менеджер | B4: январь | C4: февраль | D4: март | E4: апрель | F4: май | G4: июнь | H4: Итого
A5: Иванов | B5: =SUMIFS(Данные!$E$2:$E$97,Данные!$B$2:$B$97,$A5,Данные!$A$2:$A$97,B$4) | C5: =SUMIFS(Данные!$E$2:$E$97,Данные!$B$2:$B$97,$A5,Данные!$A$2:$A$97,C$4) | D5: =SUMIFS(Данные!$E$2:$E$97,Данные!$B$2:$B$97,$A5,Данные!$A$2:$A$97,D$4) | E5: =SUMIFS(Данные!$E$2:$E$97,Данные!$B$2:$B$97,$A5,Данные!$A$2:$A$97,E$4) | F5: =SUMIFS(Данные!$E$2:$E$97,Данные!$B$2:$B$97,$A5,Данные!$A$2:$A$97,F$4) | G5: =SUMIFS(Данные!$E$2:$E$97,Данные!$B$2:$B$97,$A5,Данные!$A$2:$A$97,G$4) | H5: =SUM(B5:G5)
A6: Петрова | B6: =SUMIFS(Данные!$E$2:$E$97,Данные!$B$2:$B$97,$A6,Данные!$A$2:$A$97,B$4) | C6: =SUMIFS(Данные!$E$2:$E$97,Данные!$B$2:$B$97,$A6,Данные!$A$2:$A$97,C$4) | D6: =SUMIFS(Данные!$E$2:$E$97,Данные!$B$2:$B$97,$A6,Данные!$A$2:$A$97,D$4) | E6: =SUMIFS(Данные!$E$2:$E$97,Данные!$B$2:$B$97,$A6,Данные!$A$2:$A$97,E$4) | F6: =SUMIFS(Данные!$E$2:$E$97,Данные!$B$2:$B$97,$A6,Данные!$A$2:$A$97,F$4) | G6: =SUMIFS(Данные!$E$2:$E$97,Данные!$B$2:$B$97,$A6,Данные!$A$2:$A$97,G$4) | H6: =SUM(B6:G6)
A7: Сидоров | B7: =SUMIFS(Данные!$E$2:$E$97,Данные!$B$2:$B$97,$A7,Данные!$A$2:$A$97,B$4) | C7: =SUMIFS(Данные!$E$2:$E$97,Данные!$B$2:$B$97,$A7,Данные!$A$2:$A$97,C$4) | D7: =SUMIFS(Данные!$E$2:$E$97,Данные!$B$2:$B$97,$A7,Данные!$A$2:$A$97,D$4) | E7: =SUMIFS(Данные!$E$2:$E$97,Данные!$B$2:$B$97,$A7,Данные!$A$2:$A$97,E$4) | F7: =SUMIFS(Данные!$E$2:$E$97,Данные!$B$2:$B$97,$A7,Данные!$A$2:$A$97,F$4) | G7: =SUMIFS(Данные!$E$2:$E$97,Данные!$B$2:$B$97,$A7,Данные!$A$2:$A$97,G$4) | H7: =SUM(B7:G7)
A8: Кузнецова | B8: =SUMIFS(Данные!$E$2:$E$97,Данные!$B$2:$B$97,$A8,Данные!$A$2:$A$97,B$4) | C8: =SUMIFS(Данные!$E$2:$E$97,Данные!$B$2:$B$97,$A8,Данные!$A$2:$A$97,C$4) | D8: =SUMIFS(Данные!$E$2:$E$97,Данные!$B$2:$B$97,$A8,Данные!$A$2:$A$97,D$4) | E8: =SUMIFS(Данные!$E$2:$E$97,Данные!$B$2:$B$97,$A8,Данные!$A$2:$A$97,E$4) | F8: =SUMIFS(Данные!$E$2:$E$97,Данные!$B$2:$B$97,$A8,Данные!$A$2:$A$97,F$4) | G8: =SUMIFS(Данные!$E$2:$E$97,Данные!$B$2:$B$97,$A8,Данные!$A$2:$A$97,G$4) | H8: =SUM(B8:G8)
A9: Итого | B9: =SUM(B5:B8) | C9: =SUM(C5:C8) | D9: =SUM(D5:D8) | E9: =SUM(E5:E8) | F9: =SUM(F5:F8) | G9: =SUM(G5:G8) | H9: =SUM(H5:H8)

Sheet Дашборд
A1: Дашборд продаж — образец работы
A2: Данные синтетические, для показа возможностей. Собрано автоматически: образец пересобирается одной командой.
